variant,base_variant,split_id,experiment_group,history_strategy,freq_strategy,deploy_context_mode,group,value,n_trials,global_bce,pattern_bce,model_bce,improvement_vs_pattern
hist_H24_D64_layers2,hist_H24_D64_layers2,shared_random,history,H24_D64_embedding_layers2,direct_rbf16_plus_context,z_window_summary,pattern,0.0,567,0.014626441523432732,0.009955467656254768,0.009961440227925777,-0.0005999287906135327
hist_H24_D64_layers2,hist_H24_D64_layers2,shared_random,history,H24_D64_embedding_layers2,direct_rbf16_plus_context,z_window_summary,pattern,1.0,597,0.05753147974610329,0.05566583201289177,0.05206984281539917,0.06459957693006002
hist_H24_D64_layers2,hist_H24_D64_layers2,shared_random,history,H24_D64_embedding_layers2,direct_rbf16_plus_context,z_window_summary,pattern,2.0,583,0.013991538435220718,0.009167063981294632,0.009228040464222431,-0.006651691648735251
hist_H24_D64_layers2,hist_H24_D64_layers2,shared_random,history,H24_D64_embedding_layers2,direct_rbf16_plus_context,z_window_summary,pattern,3.0,508,0.052174150943756104,0.05108228698372841,0.0473485067486763,0.07309344306063383
hist_H24_D64_layers2,hist_H24_D64_layers2,shared_random,history,H24_D64_embedding_layers2,direct_rbf16_plus_context,z_window_summary,pattern,4.0,535,0.0395955853164196,0.038818396627902985,0.03622771054506302,0.06673861642646413
hist_H24_D64_layers2,hist_H24_D64_layers2,shared_random,history,H24_D64_embedding_layers2,direct_rbf16_plus_context,z_window_summary,pattern,5.0,580,0.05868976563215256,0.05705185607075691,0.05376366898417473,0.05763505892786564
hist_H24_D64_layers2,hist_H24_D64_layers2,shared_random,history,H24_D64_embedding_layers2,direct_rbf16_plus_context,z_window_summary,pattern,6.0,545,0.033085908740758896,0.03240133449435234,0.03008437156677246,0.07150825617950193
hist_H24_D64_layers2,hist_H24_D64_layers2,shared_random,history,H24_D64_embedding_layers2,direct_rbf16_plus_context,z_window_summary,pattern,7.0,591,0.05103054270148277,0.05018871650099754,0.04699955880641937,0.06354332042969825
hist_H24_D64_layers2,hist_H24_D64_layers2,shared_random,history,H24_D64_embedding_layers2,direct_rbf16_plus_context,z_window_summary,pattern,8.0,558,0.014132849872112274,0.009258726611733437,0.009230159223079681,0.0030854554683094533
hist_H24_D64_layers2,hist_H24_D64_layers2,shared_random,history,H24_D64_embedding_layers2,direct_rbf16_plus_context,z_window_summary,pattern,9.0,546,0.0527445487678051,0.05162373557686806,0.04805812984704971,0.06906911501026762
hist_H24_D64_layers2,hist_H24_D64_layers2,shared_random,history,H24_D64_embedding_layers2,direct_rbf16_plus_context,z_window_summary,pattern,10.0,532,0.014426586218178272,0.009675835259258747,0.009629358537495136,0.004803380847057886
hist_H24_D64_layers2,hist_H24_D64_layers2,shared_random,history,H24_D64_embedding_layers2,direct_rbf16_plus_context,z_window_summary,pattern,11.0,552,0.04709465056657791,0.046380605548620224,0.04267875477671623,0.07981462786257473
hist_H24_D64_layers2,hist_H24_D64_layers2,shared_random,history,H24_D64_embedding_layers2,direct_rbf16_plus_context,z_window_summary,pattern,12.0,552,0.033368371427059174,0.03270643204450607,0.030246717855334282,0.07520582452481137
hist_H24_D64_layers2,hist_H24_D64_layers2,shared_random,history,H24_D64_embedding_layers2,direct_rbf16_plus_context,z_window_summary,pattern,13.0,551,0.05061333253979683,0.049757592380046844,0.046752236783504486,0.06039994004507999
hist_H24_D64_layers2,hist_H24_D64_layers2,shared_random,history,H24_D64_embedding_layers2,direct_rbf16_plus_context,z_window_summary,pattern,14.0,557,0.0292822178453207,0.028277190402150154,0.02597956731915474,0.08125358461428711
hist_H24_D64_layers2,hist_H24_D64_layers2,shared_random,history,H24_D64_embedding_layers2,direct_rbf16_plus_context,z_window_summary,pattern,15.0,556,0.04846397042274475,0.04768644645810127,0.04457820579409599,0.0651807986308284
hist_H24_D64_layers2,hist_H24_D64_layers2,shared_random,history,H24_D64_embedding_layers2,direct_rbf16_plus_context,z_window_summary,frequency,1.0,7,0.02980334684252739,0.028601719066500664,0.029064444825053215,-0.016178249897381584
hist_H24_D64_layers2,hist_H24_D64_layers2,shared_random,history,H24_D64_embedding_layers2,direct_rbf16_plus_context,z_window_summary,frequency,1.5,12,0.03298359364271164,0.0309236329048872,0.02753308042883873,0.10964276048926397
hist_H24_D64_layers2,hist_H24_D64_layers2,shared_random,history,H24_D64_embedding_layers2,direct_rbf16_plus_context,z_window_summary,frequency,2.0,15,0.03678731620311737,0.03431351110339165,0.03013106808066368,0.12188910106359128
hist_H24_D64_layers2,hist_H24_D64_layers2,shared_random,history,H24_D64_embedding_layers2,direct_rbf16_plus_context,z_window_summary,frequency,2.5,7,0.03705407306551933,0.03463810682296753,0.029864398762583733,0.13781665622725342
hist_H24_D64_layers2,hist_H24_D64_layers2,shared_random,history,H24_D64_embedding_layers2,direct_rbf16_plus_context,z_window_summary,frequency,3.0,15,0.034518759697675705,0.03445051237940788,0.030777577310800552,0.10661481687577905
hist_H24_D64_layers2,hist_H24_D64_layers2,shared_random,history,H24_D64_embedding_layers2,direct_rbf16_plus_context,z_window_summary,frequency,3.5,24,0.0352206751704216,0.03401101753115654,0.02925892174243927,0.13972224689731816
hist_H24_D64_layers2,hist_H24_D64_layers2,shared_random,history,H24_D64_embedding_layers2,direct_rbf16_plus_context,z_window_summary,frequency,4.0,25,0.026876861229538918,0.02570030279457569,0.021565617993474007,0.16088078160597982
hist_H24_D64_layers2,hist_H24_D64_layers2,shared_random,history,H24_D64_embedding_layers2,direct_rbf16_plus_context,z_window_summary,frequency,4.5,20,0.03020434081554413,0.030499091371893883,0.02842170000076294,0.0681132216629031
hist_H24_D64_layers2,hist_H24_D64_layers2,shared_random,history,H24_D64_embedding_layers2,direct_rbf16_plus_context,z_window_summary,frequency,5.0,25,0.026404283940792084,0.026254504919052124,0.02234523557126522,0.14889899313812852
hist_H24_D64_layers2,hist_H24_D64_layers2,shared_random,history,H24_D64_embedding_layers2,direct_rbf16_plus_context,z_window_summary,frequency,5.5,29,0.024593448266386986,0.023135263472795486,0.020135054364800453,0.12968121636146257
hist_H24_D64_layers2,hist_H24_D64_layers2,shared_random,history,H24_D64_embedding_layers2,direct_rbf16_plus_context,z_window_summary,frequency,6.0,38,0.02657623216509819,0.02638164907693863,0.022447969764471054,0.1491066498911995
hist_H24_D64_layers2,hist_H24_D64_layers2,shared_random,history,H24_D64_embedding_layers2,direct_rbf16_plus_context,z_window_summary,frequency,6.5,34,0.02916363626718521,0.027410024777054787,0.024451235309243202,0.10794552328491208
hist_H24_D64_layers2,hist_H24_D64_layers2,shared_random,history,H24_D64_embedding_layers2,direct_rbf16_plus_context,z_window_summary,frequency,7.0,36,0.023387927561998367,0.023010365664958954,0.019394714385271072,0.15713141339574324
hist_H24_D64_layers2,hist_H24_D64_layers2,shared_random,history,H24_D64_embedding_layers2,direct_rbf16_plus_context,z_window_summary,frequency,7.5,44,0.02632891573011875,0.026343896985054016,0.023478543385863304,0.10876726403904273
hist_H24_D64_layers2,hist_H24_D64_layers2,shared_random,history,H24_D64_embedding_layers2,direct_rbf16_plus_context,z_window_summary,frequency,8.0,42,0.027236538007855415,0.026169229298830032,0.02373361587524414,0.09307165280923205
hist_H24_D64_layers2,hist_H24_D64_layers2,shared_random,history,H24_D64_embedding_layers2,direct_rbf16_plus_context,z_window_summary,frequency,8.5,44,0.028308775275945663,0.02713218703866005,0.024909967556595802,0.08190344106421853
hist_H24_D64_layers2,hist_H24_D64_layers2,shared_random,history,H24_D64_embedding_layers2,direct_rbf16_plus_context,z_window_summary,frequency,9.0,48,0.02044595219194889,0.019323138520121574,0.01575254462659359,0.18478333060697427
hist_H24_D64_layers2,hist_H24_D64_layers2,shared_random,history,H24_D64_embedding_layers2,direct_rbf16_plus_context,z_window_summary,frequency,9.5,48,0.029975302517414093,0.02835064008831978,0.025651216506958008,0.0952156132260982
hist_H24_D64_layers2,hist_H24_D64_layers2,shared_random,history,H24_D64_embedding_layers2,direct_rbf16_plus_context,z_window_summary,frequency,10.0,59,0.027015438303351402,0.02634795568883419,0.023565003648400307,0.10562307274614291
hist_H24_D64_layers2,hist_H24_D64_layers2,shared_random,history,H24_D64_embedding_layers2,direct_rbf16_plus_context,z_window_summary,frequency,10.5,56,0.030901078134775162,0.03017396666109562,0.027724582701921463,0.08117540483440101
hist_H24_D64_layers2,hist_H24_D64_layers2,shared_random,history,H24_D64_embedding_layers2,direct_rbf16_plus_context,z_window_summary,frequency,11.0,68,0.023269882425665855,0.02245344966650009,0.019246015697717667,0.14284815992296387
hist_H24_D64_layers2,hist_H24_D64_layers2,shared_random,history,H24_D64_embedding_layers2,direct_rbf16_plus_context,z_window_summary,frequency,11.5,56,0.028550485149025917,0.026507407426834106,0.024037184193730354,0.09318992209713742
hist_H24_D64_layers2,hist_H24_D64_layers2,shared_random,history,H24_D64_embedding_layers2,direct_rbf16_plus_context,z_window_summary,frequency,12.0,71,0.030210169032216072,0.028335895389318466,0.025931093841791153,0.08486767453389986
hist_H24_D64_layers2,hist_H24_D64_layers2,shared_random,history,H24_D64_embedding_layers2,direct_rbf16_plus_context,z_window_summary,frequency,12.5,72,0.02476063184440136,0.023320099338889122,0.021330369636416435,0.08532252258267908
hist_H24_D64_layers2,hist_H24_D64_layers2,shared_random,history,H24_D64_embedding_layers2,direct_rbf16_plus_context,z_window_summary,frequency,13.0,70,0.02961745113134384,0.02830553986132145,0.025913318619132042,0.08451424187313579
hist_H24_D64_layers2,hist_H24_D64_layers2,shared_random,history,H24_D64_embedding_layers2,direct_rbf16_plus_context,z_window_summary,frequency,13.5,70,0.026833627372980118,0.025419054552912712,0.022268123924732208,0.12395939517032296
hist_H24_D64_layers2,hist_H24_D64_layers2,shared_random,history,H24_D64_embedding_layers2,direct_rbf16_plus_context,z_window_summary,frequency,14.0,80,0.032210174947977066,0.030586937442421913,0.028553413227200508,0.06648342021980438
hist_H24_D64_layers2,hist_H24_D64_layers2,shared_random,history,H24_D64_embedding_layers2,direct_rbf16_plus_context,z_window_summary,frequency,14.5,76,0.03495890647172928,0.033112507313489914,0.030872240662574768,0.0676562070551048
hist_H24_D64_layers2,hist_H24_D64_layers2,shared_random,history,H24_D64_embedding_layers2,direct_rbf16_plus_context,z_window_summary,frequency,15.0,81,0.02947072871029377,0.02870136871933937,0.026185911148786545,0.08764242552857336
hist_H24_D64_layers2,hist_H24_D64_layers2,shared_random,history,H24_D64_embedding_layers2,direct_rbf16_plus_context,z_window_summary,frequency,15.5,96,0.02984754927456379,0.028555087745189667,0.026453640311956406,0.07359274998506235
hist_H24_D64_layers2,hist_H24_D64_layers2,shared_random,history,H24_D64_embedding_layers2,direct_rbf16_plus_context,z_window_summary,frequency,16.0,75,0.03297647833824158,0.03047838807106018,0.028424127027392387,0.0674005803350983
hist_H24_D64_layers2,hist_H24_D64_layers2,shared_random,history,H24_D64_embedding_layers2,direct_rbf16_plus_context,z_window_summary,frequency,16.5,92,0.026949573308229446,0.02512291632592678,0.023232534527778625,0.07524531681050446
hist_H24_D64_layers2,hist_H24_D64_layers2,shared_random,history,H24_D64_embedding_layers2,direct_rbf16_plus_context,z_window_summary,frequency,17.0,83,0.03128767013549805,0.029319973662495613,0.02760079689323902,0.05863500387299671
hist_H24_D64_layers2,hist_H24_D64_layers2,shared_random,history,H24_D64_embedding_layers2,direct_rbf16_plus_context,z_window_summary,frequency,17.5,109,0.03593001514673233,0.034215763211250305,0.03198181092739105,0.06529014916507017
hist_H24_D64_layers2,hist_H24_D64_layers2,shared_random,history,H24_D64_embedding_layers2,direct_rbf16_plus_context,z_window_summary,frequency,18.0,103,0.03009149618446827,0.02900540828704834,0.02678932622075081,0.07640237449396872
hist_H24_D64_layers2,hist_H24_D64_layers2,shared_random,history,H24_D64_embedding_layers2,direct_rbf16_plus_context,z_window_summary,frequency,18.5,100,0.03162289410829544,0.029688848182559013,0.027919763699173927,0.05958750816154434
hist_H24_D64_layers2,hist_H24_D64_layers2,shared_random,history,H24_D64_embedding_layers2,direct_rbf16_plus_context,z_window_summary,frequency,19.0,100,0.032449543476104736,0.03043372556567192,0.028791503980755806,0.05396058334601262
hist_H24_D64_layers2,hist_H24_D64_layers2,shared_random,history,H24_D64_embedding_layers2,direct_rbf16_plus_context,z_window_summary,frequency,19.5,123,0.03317314013838768,0.03141024336218834,0.030340606346726418,0.03405376402621417
hist_H24_D64_layers2,hist_H24_D64_layers2,shared_random,history,H24_D64_embedding_layers2,direct_rbf16_plus_context,z_window_summary,frequency,20.0,103,0.03488143905997276,0.033012211322784424,0.03087187185883522,0.06483478016730071
hist_H24_D64_layers2,hist_H24_D64_layers2,shared_random,history,H24_D64_embedding_layers2,direct_rbf16_plus_context,z_window_summary,frequency,20.5,131,0.03816179931163788,0.03627714887261391,0.03422471508383751,0.056576491057316984
hist_H24_D64_layers2,hist_H24_D64_layers2,shared_random,history,H24_D64_embedding_layers2,direct_rbf16_plus_context,z_window_summary,frequency,21.0,131,0.0436444990336895,0.041944924741983414,0.03884761780500412,0.07384223373940506
hist_H24_D64_layers2,hist_H24_D64_layers2,shared_random,history,H24_D64_embedding_layers2,direct_rbf16_plus_context,z_window_summary,frequency,21.5,129,0.032726041972637177,0.031215617433190346,0.029209278523921967,0.06427356157738906
hist_H24_D64_layers2,hist_H24_D64_layers2,shared_random,history,H24_D64_embedding_layers2,direct_rbf16_plus_context,z_window_summary,frequency,22.0,112,0.03106912411749363,0.02892966940999031,0.027333930134773254,0.0551592640967407
hist_H24_D64_layers2,hist_H24_D64_layers2,shared_random,history,H24_D64_embedding_layers2,direct_rbf16_plus_context,z_window_summary,frequency,22.5,124,0.0380786657333374,0.036314256489276886,0.0333186611533165,0.08249088995791357
hist_H24_D64_layers2,hist_H24_D64_layers2,shared_random,history,H24_D64_embedding_layers2,direct_rbf16_plus_context,z_window_summary,frequency,23.0,140,0.03531380742788315,0.03372477367520332,0.03172307088971138,0.05935407616875209
hist_H24_D64_layers2,hist_H24_D64_layers2,shared_random,history,H24_D64_embedding_layers2,direct_rbf16_plus_context,z_window_summary,frequency,23.5,120,0.03832133486866951,0.035996321588754654,0.0341547355055809,0.051160396448649025
hist_H24_D64_layers2,hist_H24_D64_layers2,shared_random,history,H24_D64_embedding_layers2,direct_rbf16_plus_context,z_window_summary,frequency,24.0,117,0.034603532403707504,0.03245139867067337,0.030422519892454147,0.06252053413194604
hist_H24_D64_layers2,hist_H24_D64_layers2,shared_random,history,H24_D64_embedding_layers2,direct_rbf16_plus_context,z_window_summary,frequency,24.5,132,0.03791811689734459,0.03550988808274269,0.03369435295462608,0.05112759364057056
hist_H24_D64_layers2,hist_H24_D64_layers2,shared_random,history,H24_D64_embedding_layers2,direct_rbf16_plus_context,z_window_summary,frequency,25.0,112,0.0366767980158329,0.03473108261823654,0.03229016065597534,0.07028061834673488
hist_H24_D64_layers2,hist_H24_D64_layers2,shared_random,history,H24_D64_embedding_layers2,direct_rbf16_plus_context,z_window_summary,frequency,25.5,145,0.03477274626493454,0.03346263989806175,0.03184119239449501,0.048455456846985365
hist_H24_D64_layers2,hist_H24_D64_layers2,shared_random,history,H24_D64_embedding_layers2,direct_rbf16_plus_context,z_window_summary,frequency,26.0,138,0.03744717687368393,0.03562406823039055,0.03366730734705925,0.05492805792635455
hist_H24_D64_layers2,hist_H24_D64_layers2,shared_random,history,H24_D64_embedding_layers2,direct_rbf16_plus_context,z_window_summary,frequency,26.5,158,0.04226148501038551,0.04044695943593979,0.038904499262571335,0.038135380134356314
hist_H24_D64_layers2,hist_H24_D64_layers2,shared_random,history,H24_D64_embedding_layers2,direct_rbf16_plus_context,z_window_summary,frequency,27.0,140,0.03740956634283066,0.03550871089100838,0.033765505999326706,0.049092317010108376
hist_H24_D64_layers2,hist_H24_D64_layers2,shared_random,history,H24_D64_embedding_layers2,direct_rbf16_plus_context,z_window_summary,frequency,27.5,157,0.03616474196314812,0.03424619510769844,0.032935790717601776,0.03826423303306152
hist_H24_D64_layers2,hist_H24_D64_layers2,shared_random,history,H24_D64_embedding_layers2,direct_rbf16_plus_context,z_window_summary,frequency,28.0,149,0.04550306499004364,0.04308110475540161,0.040395427495241165,0.06234002761555713
hist_H24_D64_layers2,hist_H24_D64_layers2,shared_random,history,H24_D64_embedding_layers2,direct_rbf16_plus_context,z_window_summary,frequency,28.5,166,0.04251663759350777,0.03995298594236374,0.037340886890888214,0.06537931996481426
hist_H24_D64_layers2,hist_H24_D64_layers2,shared_random,history,H24_D64_embedding_layers2,direct_rbf16_plus_context,z_window_summary,frequency,29.0,169,0.03720463812351227,0.03537316247820854,0.033566176891326904,0.05108351813312768
hist_H24_D64_layers2,hist_H24_D64_layers2,shared_random,history,H24_D64_embedding_layers2,direct_rbf16_plus_context,z_window_summary,frequency,29.5,147,0.04246211424469948,0.04034542664885521,0.03797643631696701,0.05871769190859253
hist_H24_D64_layers2,hist_H24_D64_layers2,shared_random,history,H24_D64_embedding_layers2,direct_rbf16_plus_context,z_window_summary,frequency,30.0,161,0.040515147149562836,0.03848837688565254,0.03618810325860977,0.05976541005812724
hist_H24_D64_layers2,hist_H24_D64_layers2,shared_random,history,H24_D64_embedding_layers2,direct_rbf16_plus_context,z_window_summary,frequency,30.5,166,0.039603110402822495,0.0374557189643383,0.035517800599336624,0.051738917809768276
hist_H24_D64_layers2,hist_H24_D64_layers2,shared_random,history,H24_D64_embedding_layers2,direct_rbf16_plus_context,z_window_summary,frequency,31.0,165,0.043588463217020035,0.041393086314201355,0.038770709186792374,0.06335302247103237
hist_H24_D64_layers2,hist_H24_D64_layers2,shared_random,history,H24_D64_embedding_layers2,direct_rbf16_plus_context,z_window_summary,frequency,31.5,155,0.0434495285153389,0.04121065139770508,0.038527294993400574,0.06511317616430431
hist_H24_D64_layers2,hist_H24_D64_layers2,shared_random,history,H24_D64_embedding_layers2,direct_rbf16_plus_context,z_window_summary,frequency,32.0,165,0.04321979358792305,0.040910203009843826,0.038405660539865494,0.0612204850065322
hist_H24_D64_layers2,hist_H24_D64_layers2,shared_random,history,H24_D64_embedding_layers2,direct_rbf16_plus_context,z_window_summary,frequency,32.5,172,0.04129617661237717,0.03879408538341522,0.03679407015442848,0.05155464316840841
hist_H24_D64_layers2,hist_H24_D64_layers2,shared_random,history,H24_D64_embedding_layers2,direct_rbf16_plus_context,z_window_summary,frequency,33.0,208,0.03763817995786667,0.03554263710975647,0.033592015504837036,0.054881172685523304
hist_H24_D64_layers2,hist_H24_D64_layers2,shared_random,history,H24_D64_embedding_layers2,direct_rbf16_plus_context,z_window_summary,frequency,33.5,182,0.04433874413371086,0.04208679124712944,0.03975312039256096,0.05544900871309953
hist_H24_D64_layers2,hist_H24_D64_layers2,shared_random,history,H24_D64_embedding_layers2,direct_rbf16_plus_context,z_window_summary,frequency,34.0,185,0.04616868868470192,0.04388599470257759,0.040883343666791916,0.0684193455368876
hist_H24_D64_layers2,hist_H24_D64_layers2,shared_random,history,H24_D64_embedding_layers2,direct_rbf16_plus_context,z_window_summary,frequency,34.5,200,0.04320191591978073,0.04081065207719803,0.03839771822094917,0.05912509929232482
hist_H24_D64_layers2,hist_H24_D64_layers2,shared_random,history,H24_D64_embedding_layers2,direct_rbf16_plus_context,z_window_summary,frequency,35.0,203,0.04028649255633354,0.03827492892742157,0.036216724663972855,0.053774215161876936
hist_H24_D64_layers2,hist_H24_D64_layers2,shared_random,history,H24_D64_embedding_layers2,direct_rbf16_plus_context,z_window_summary,frequency,35.5,212,0.043627165257930756,0.041087061166763306,0.03873161971569061,0.057328058619536604
hist_H24_D64_layers2,hist_H24_D64_layers2,shared_random,history,H24_D64_embedding_layers2,direct_rbf16_plus_context,z_window_summary,frequency,36.0,180,0.044027119874954224,0.04187345877289772,0.03932975232601166,0.06074746441849837
hist_H24_D64_layers2,hist_H24_D64_layers2,shared_random,history,H24_D64_embedding_layers2,direct_rbf16_plus_context,z_window_summary,frequency,36.5,205,0.046657495200634,0.044004812836647034,0.0415634848177433,0.05547865929952562
hist_H24_D64_layers2,hist_H24_D64_layers2,shared_random,history,H24_D64_embedding_layers2,direct_rbf16_plus_context,z_window_summary,frequency,37.0,204,0.04443902149796486,0.04229361563920975,0.03985295817255974,0.057707467894688905
hist_H24_D64_layers2,hist_H24_D64_layers2,shared_random,history,H24_D64_embedding_layers2,direct_rbf16_plus_context,z_window_summary,frequency,37.5,216,0.04827076196670532,0.04581035301089287,0.04266093671321869,0.06874900738977727
hist_H24_D64_layers2,hist_H24_D64_layers2,shared_random,history,H24_D64_embedding_layers2,direct_rbf16_plus_context,z_window_summary,frequency,38.0,219,0.041366878896951675,0.03917611390352249,0.03709308058023453,0.05317100436295876
hist_H24_D64_layers2,hist_H24_D64_layers2,shared_random,history,H24_D64_embedding_layers2,direct_rbf16_plus_context,z_window_summary,frequency,38.5,182,0.03922632709145546,0.0368368960916996,0.03506510704755783,0.04809821760582602
hist_H24_D64_layers2,hist_H24_D64_layers2,shared_random,history,H24_D64_embedding_layers2,direct_rbf16_plus_context,z_window_summary,frequency,39.0,209,0.041425880044698715,0.03926938772201538,0.03684286028146744,0.061791832806895854
hist_H24_D64_layers2,hist_H24_D64_layers2,shared_random,history,H24_D64_embedding_layers2,direct_rbf16_plus_context,z_window_summary,frequency,39.5,225,0.04256945848464966,0.04064756631851196,0.03785711154341698,0.06864998394317497
hist_H24_D64_layers2,hist_H24_D64_layers2,shared_random,history,H24_D64_embedding_layers2,direct_rbf16_plus_context,z_window_summary,frequency,40.0,223,0.043424591422080994,0.04123859107494354,0.038686029613018036,0.06189739744713141
